movie_id,title,genre,language,duration,release_date
M0001,Leader while.,Sci-Fi,Kannada,147,2021-08-11
M0002,Relate within.,Sci-Fi,Tamil,132,2022-07-15
M0003,Support.,Horror,English,162,2024-03-24
M0004,Follow.,Sci-Fi,Telugu,109,2021-11-05
M0005,Close bit.,Horror,English,108,2020-08-18
M0006,Word.,Drama,Kannada,158,2025-03-20
M0007,Thank.,Romance,Telugu,114,2023-07-06
M0008,Star system.,Romance,Tamil,167,2024-09-21
M0009,Like.,Sci-Fi,Telugu,180,2020-11-13
M0010,Avoid.,Action,Hindi,112,2024-10-11
M0011,Consumer.,Horror,Malayalam,149,2022-10-23
M0012,Light watch.,Sci-Fi,Kannada,92,2020-12-30
M0013,Full movement.,Horror,Kannada,116,2020-12-10
M0014,Step local.,Romance,English,94,2021-08-31
M0015,Difficult.,Sci-Fi,Malayalam,121,2023-10-25
M0016,Fly.,Romance,Telugu,133,2023-10-27
M0017,Campaign.,Sci-Fi,Hindi,114,2022-10-19
M0018,Floor family.,Horror,Malayalam,165,2022-03-10
M0019,Two Republican.,Romance,Malayalam,158,2023-02-22
M0020,Wait.,Drama,Telugu,118,2022-04-05
M0021,Partner.,Romance,Hindi,138,2020-12-14
M0022,Space half.,Action,Malayalam,149,2021-03-02
M0023,Whole chance.,Drama,Kannada,100,2021-04-04
M0024,Human.,Comedy,Hindi,138,2024-05-31
M0025,Argue billion.,Romance,Hindi,145,2023-04-08
M0026,In.,Drama,Malayalam,164,2022-07-15
M0027,Organization.,Romance,Telugu,119,2023-10-23
M0028,Foot follow.,Comedy,Tamil,180,2022-10-23
M0029,Trial.,Drama,Telugu,99,2024-03-26
M0030,Player around.,Sci-Fi,Hindi,118,2020-07-11
M0031,Build attention.,Comedy,Hindi,112,2022-08-10
M0032,Whole.,Action,Telugu,117,2022-08-23
M0033,Reason purpose.,Action,Kannada,170,2025-04-02
M0034,Major she.,Comedy,Malayalam,171,2021-02-14
M0035,Necessary.,Horror,Hindi,162,2021-02-18
M0036,Read.,Horror,Kannada,139,2021-06-17
M0037,Anything continue.,Action,English,113,2022-04-29
M0038,Can event.,Sci-Fi,Hindi,171,2022-12-01
M0039,Skin.,Comedy,Hindi,125,2025-01-19
M0040,Fund among.,Romance,Telugu,134,2025-03-21
M0041,Right store.,Action,Tamil,114,2020-07-19
M0042,Himself.,Drama,Malayalam,152,2020-09-21
M0043,Thus knowledge.,Drama,Telugu,101,2023-08-04
M0044,History boy.,Drama,English,108,2022-06-16
M0045,Consider.,Comedy,Tamil,131,2022-06-09
M0046,Financial.,Comedy,English,112,2025-02-16
M0047,Whose season.,Romance,Tamil,142,2025-06-25
M0048,Loss.,Romance,Malayalam,147,2023-10-30
M0049,Environment man.,Horror,Kannada,163,2025-03-14
M0050,Become.,Comedy,Telugu,92,2023-11-22
M0051,About.,Comedy,Hindi,155,2024-04-17
M0052,Hotel poor.,Action,Telugu,110,2023-12-02
M0053,Citizen easy.,Romance,Malayalam,124,2023-03-17
M0054,Serve.,Horror,Tamil,157,2021-07-04
M0055,Story.,Romance,Tamil,99,2024-01-07
M0056,Out.,Sci-Fi,Tamil,129,2022-03-20
M0057,Door place.,Horror,English,122,2025-01-02
M0058,Push soldier.,Comedy,Malayalam,103,2022-05-12
M0059,Then former.,Drama,English,96,2022-06-05
M0060,Make law.,Action,Malayalam,137,2024-02-01
M0061,Day.,Horror,Hindi,135,2023-11-10
M0062,Future set.,Romance,Telugu,156,2022-04-22
M0063,Focus.,Romance,Kannada,174,2021-05-29
M0064,Husband.,Romance,Tamil,97,2020-07-08
M0065,Friend town.,Action,English,114,2022-08-02
M0066,Give new.,Horror,Malayalam,99,2024-01-02
M0067,Term.,Sci-Fi,English,135,2023-04-24
M0068,Improve.,Romance,English,162,2024-02-02
M0069,Suggest.,Drama,Tamil,175,2023-12-26
M0070,Way like.,Action,Malayalam,101,2022-09-24
M0071,Degree trial.,Drama,Hindi,164,2022-12-11
M0072,Avoid.,Drama,Tamil,130,2021-02-13
M0073,Our.,Drama,Telugu,133,2023-04-18
M0074,Prevent.,Romance,English,103,2020-08-21
M0075,Move.,Drama,Hindi,122,2021-09-04
M0076,Bed can.,Drama,Hindi,122,2024-08-14
M0077,Might chance.,Sci-Fi,Kannada,95,2024-11-21
M0078,Dark large.,Romance,Kannada,100,2021-03-01
M0079,Any.,Comedy,English,119,2024-10-30
M0080,Economic worker.,Sci-Fi,Telugu,158,2024-01-29
M0081,Money bad.,Drama,Kannada,105,2023-06-01
M0082,Include.,Action,Hindi,137,2025-02-22
M0083,Recognize.,Horror,English,109,2020-08-27
M0084,Color.,Sci-Fi,Kannada,172,2022-05-07
M0085,Whole before.,Horror,English,156,2023-09-12
M0086,Network.,Action,Malayalam,120,2024-03-11
M0087,Particularly.,Action,Tamil,160,2024-12-21
M0088,Raise teacher.,Romance,Telugu,106,2021-07-31
M0089,See total.,Comedy,Malayalam,100,2022-01-20
M0090,Whether.,Comedy,Tamil,110,2024-06-28
M0091,Detail mouth.,Romance,Tamil,161,2021-07-13
M0092,Small war.,Drama,Malayalam,134,2024-10-03
M0093,No.,Drama,Tamil,120,2021-09-03
M0094,Understand.,Romance,Telugu,154,2024-02-17
M0095,Look.,Horror,Kannada,180,2023-03-10
M0096,Pretty nearly.,Drama,Hindi,143,2025-04-28
M0097,Class fund.,Comedy,Hindi,100,2021-12-14
M0098,Admit.,Sci-Fi,English,90,2024-06-26
M0099,House information.,Romance,Malayalam,178,2023-03-18
M0100,President.,Romance,Malayalam,143,2020-12-02
M0101,Now.,Horror,Telugu,128,2021-04-12
M0102,Store.,Romance,Kannada,127,2020-12-02
M0103,Financial.,Drama,Tamil,122,2022-02-19
M0104,Decade.,Sci-Fi,English,170,2023-03-27
M0105,Small we.,Action,Malayalam,170,2025-03-14
M0106,Environment better.,Sci-Fi,Tamil,106,2025-06-04
M0107,Safe.,Comedy,Kannada,101,2022-01-31
M0108,Talk.,Sci-Fi,English,158,2023-10-05
M0109,Power manager.,Romance,Hindi,104,2021-10-25
M0110,Fact.,Drama,Hindi,163,2022-11-12
M0111,Understand everything.,Sci-Fi,English,107,2024-05-31
M0112,Town.,Sci-Fi,Malayalam,156,2023-08-22
M0113,Program.,Action,Kannada,119,2024-02-17
M0114,Congress.,Horror,Tamil,167,2023-07-19
M0115,Exist.,Sci-Fi,Telugu,124,2020-11-24
M0116,Material.,Sci-Fi,Telugu,177,2023-04-11
M0117,Red maybe.,Drama,English,110,2023-08-18
M0118,Human.,Romance,Kannada,145,2024-09-11
M0119,Language decade.,Sci-Fi,English,151,2021-03-30
M0120,Tend.,Sci-Fi,Telugu,170,2024-05-21
M0121,Give music.,Sci-Fi,Kannada,163,2021-06-13
M0122,Resource.,Romance,Tamil,143,2022-10-11
M0123,Personal.,Horror,Hindi,110,2025-02-14
M0124,Wonder.,Romance,Malayalam,145,2022-12-14
M0125,Practice author.,Romance,English,180,2021-07-03
M0126,Current.,Action,Tamil,126,2020-09-22
M0127,Type firm.,Drama,Hindi,107,2023-09-30
M0128,Should since.,Action,Telugu,146,2022-05-06
M0129,Score follow.,Action,Telugu,105,2021-11-14
M0130,Become.,Comedy,Telugu,146,2023-03-10
M0131,Red.,Action,Malayalam,93,2021-03-03
M0132,Able its.,Comedy,Telugu,128,2024-08-30
M0133,At.,Action,Telugu,152,2024-11-29
M0134,Box same.,Sci-Fi,Malayalam,162,2020-07-27
M0135,Force than.,Comedy,Malayalam,169,2023-11-23
M0136,View each.,Horror,Tamil,124,2022-05-21
M0137,Consumer whatever.,Sci-Fi,Malayalam,169,2024-10-13
M0138,Detail.,Drama,English,123,2023-09-24
M0139,Risk agent.,Sci-Fi,Malayalam,110,2023-07-16
M0140,Including.,Drama,Malayalam,145,2024-09-27
M0141,Surface.,Action,Kannada,171,2022-06-20
M0142,Pm analysis.,Action,Tamil,105,2021-12-21
M0143,Site.,Drama,Malayalam,139,2022-04-14
M0144,Behind speech.,Romance,Tamil,129,2020-12-03
M0145,Want.,Horror,Hindi,161,2021-10-11
M0146,Number but.,Romance,Kannada,117,2022-01-04
M0147,Represent record.,Action,Kannada,164,2022-11-29
M0148,Example floor.,Horror,Tamil,163,2020-07-15
M0149,Too if.,Action,Telugu,171,2020-09-14
M0150,Dog get.,Comedy,Tamil,163,2024-07-21
M0151,Attack.,Comedy,Tamil,134,2023-06-07
M0152,Father result.,Horror,Kannada,174,2020-06-27
M0153,Series.,Horror,Malayalam,127,2023-05-24
M0154,Collection.,Action,Telugu,158,2022-08-22
M0155,Less religious.,Sci-Fi,Malayalam,159,2021-04-13
M0156,Structure manager.,Sci-Fi,Telugu,93,2025-03-30
M0157,Sound.,Horror,Kannada,125,2024-05-20
M0158,Data office.,Comedy,Kannada,172,2022-08-28
M0159,Than now.,Comedy,Tamil,129,2024-11-12
M0160,Act.,Drama,English,145,2022-02-16
M0161,Report.,Drama,Hindi,158,2020-08-17
M0162,Month.,Comedy,Kannada,144,2023-03-29
M0163,Role.,Horror,English,105,2021-04-07
M0164,Under.,Romance,Kannada,165,2021-12-12
M0165,Bit.,Romance,Malayalam,109,2021-09-03
M0166,Interesting.,Sci-Fi,Tamil,163,2024-10-27
M0167,Now.,Sci-Fi,Hindi,114,2025-04-17
M0168,Reach avoid.,Action,Telugu,102,2024-06-23
M0169,Decision key.,Sci-Fi,Kannada,134,2020-11-23
M0170,Simply ever.,Drama,Malayalam,124,2022-05-01
M0171,Interesting.,Drama,Tamil,117,2022-03-10
M0172,Research.,Action,Tamil,177,2022-03-09
M0173,Tax.,Romance,Tamil,168,2023-09-06
M0174,Special color.,Horror,Kannada,171,2023-09-10
M0175,Class.,Sci-Fi,Kannada,125,2023-06-10
M0176,Entire pick.,Sci-Fi,English,150,2022-07-03
M0177,Power until.,Romance,English,101,2023-07-17
M0178,Too.,Horror,Kannada,96,2025-04-24
M0179,Cut.,Drama,Tamil,128,2021-06-22
M0180,Establish.,Action,English,119,2023-02-25
M0181,Answer develop.,Horror,Kannada,164,2025-03-13
M0182,Believe above.,Drama,Telugu,107,2023-03-23
M0183,Much likely.,Comedy,English,178,2024-08-07
M0184,Full collection.,Action,Malayalam,158,2024-08-04
M0185,Art of.,Sci-Fi,Kannada,124,2020-08-13
M0186,Fish grow.,Drama,Hindi,169,2023-08-08
M0187,Writer technology.,Action,Hindi,118,2021-11-04
M0188,Everyone support.,Horror,Hindi,125,2023-06-14
M0189,Indeed.,Action,English,103,2024-01-31
M0190,Compare watch.,Sci-Fi,English,96,2022-03-02
M0191,Region.,Sci-Fi,Tamil,123,2023-04-09
M0192,Probably series.,Romance,Tamil,150,2023-12-08
M0193,Only father.,Action,English,145,2021-10-31
M0194,Hundred.,Romance,Malayalam,167,2024-07-14
M0195,Area.,Horror,Kannada,156,2022-09-27
M0196,You always.,Drama,Tamil,177,2023-03-20
M0197,Most alone.,Drama,Telugu,92,2022-11-23
M0198,Green.,Comedy,Hindi,154,2022-04-07
M0199,Part east.,Romance,Telugu,114,2021-01-02
M0200,Blood.,Romance,Tamil,149,2022-12-22
M0201,Machine property.,Action,Kannada,90,2025-04-02
M0202,Exist.,Romance,Tamil,157,2022-04-06
M0203,Example simple.,Horror,Kannada,117,2025-04-11
M0204,Benefit.,Comedy,Malayalam,106,2024-08-08
M0205,Still.,Romance,Hindi,128,2020-12-26
M0206,Glass.,Action,Tamil,152,2023-11-07
M0207,Office tonight.,Romance,English,166,2023-10-22
M0208,Apply thank.,Romance,Kannada,90,2024-10-26
M0209,Religious.,Horror,English,126,2023-01-15
M0210,Street.,Drama,Telugu,126,2023-05-10
M0211,Husband.,Romance,Hindi,125,2024-10-22
M0212,Turn film.,Action,Malayalam,108,2025-04-26
M0213,Account.,Comedy,Tamil,95,2024-03-24
M0214,Difference.,Horror,Tamil,105,2021-07-30
M0215,Short effect.,Sci-Fi,English,121,2021-06-23
M0216,Mind go.,Romance,Tamil,131,2022-12-02
M0217,Provide.,Horror,Telugu,128,2020-11-24
M0218,Daughter heavy.,Sci-Fi,Tamil,137,2021-02-02
M0219,Level.,Action,English,116,2022-12-05
M0220,Couple.,Action,Malayalam,159,2023-01-02
M0221,While.,Comedy,Telugu,134,2022-07-05
M0222,Risk.,Action,Kannada,179,2022-03-03
M0223,Determine left.,Romance,English,106,2022-02-15
M0224,Amount.,Romance,English,156,2021-03-20
M0225,Environmental.,Drama,English,118,2020-07-25
M0226,Article such.,Comedy,English,113,2022-02-27
M0227,Raise.,Action,Telugu,149,2021-03-02
M0228,Actually.,Drama,Telugu,150,2024-06-11
M0229,Network technology.,Drama,Kannada,150,2023-02-21
M0230,Family.,Action,Tamil,143,2022-12-30
M0231,Thus though.,Action,English,163,2023-01-24
M0232,Baby how.,Comedy,English,115,2021-01-27
M0233,Give.,Drama,Kannada,105,2024-07-14
M0234,Reality option.,Sci-Fi,Kannada,152,2025-01-02
M0235,Traditional.,Drama,Hindi,95,2021-05-31
M0236,Either push.,Sci-Fi,Kannada,151,2022-05-27
M0237,Follow.,Comedy,Malayalam,91,2022-11-20
M0238,Front.,Horror,Tamil,99,2022-05-07
M0239,Yourself blue.,Drama,Malayalam,128,2020-12-22
M0240,Program.,Horror,English,156,2024-06-29
M0241,Ask.,Sci-Fi,Kannada,146,2024-07-17
M0242,Still reason.,Drama,Telugu,96,2023-12-15
M0243,Hold adult.,Drama,English,172,2025-02-19
M0244,Keep.,Drama,English,179,2021-03-21
M0245,Actually customer.,Romance,Tamil,147,2021-04-03
M0246,Claim woman.,Drama,Malayalam,149,2021-07-15
M0247,Per.,Sci-Fi,Hindi,158,2025-04-20
M0248,Pretty run.,Action,English,149,2024-01-06
M0249,Republican.,Sci-Fi,Kannada,131,2020-07-01
M0250,Congress benefit.,Action,English,93,2023-07-11
M0251,Thank enough.,Horror,Tamil,138,2023-12-16
M0252,Reflect well.,Romance,Hindi,110,2024-02-08
M0253,Get.,Action,Tamil,128,2024-02-29
M0254,Institution.,Horror,Malayalam,174,2022-12-23
M0255,Answer thank.,Action,Hindi,142,2022-03-09
M0256,Answer effort.,Sci-Fi,Malayalam,134,2023-12-20
M0257,Describe defense.,Romance,Telugu,133,2023-03-05
M0258,Town vote.,Romance,Hindi,156,2021-02-26
M0259,Dark local.,Sci-Fi,English,108,2023-06-28
M0260,Surface anything.,Comedy,Hindi,106,2021-10-29
M0261,Worker pick.,Drama,Hindi,138,2024-02-18
M0262,Seem beyond.,Action,Hindi,139,2022-05-21
M0263,All wonder.,Sci-Fi,Hindi,139,2021-10-08
M0264,How poor.,Action,Kannada,100,2020-08-18
M0265,Third.,Horror,Tamil,102,2024-01-03
M0266,See position.,Drama,Telugu,143,2022-05-14
M0267,Beat.,Romance,Kannada,167,2021-11-05
M0268,Speech.,Romance,Malayalam,112,2025-02-07
M0269,Answer.,Comedy,Tamil,140,2020-12-06
M0270,Inside.,Comedy,English,101,2024-01-22
M0271,Now.,Comedy,Tamil,133,2020-08-17
M0272,Amount fine.,Horror,Malayalam,129,2025-03-28
M0273,Sport involve.,Action,Hindi,131,2021-08-08
M0274,Open interesting.,Action,Telugu,180,2021-12-15
M0275,Let off.,Horror,Hindi,117,2021-09-08
M0276,Economy agree.,Action,Telugu,107,2025-05-04
M0277,Pretty.,Drama,Hindi,149,2022-05-07
M0278,Resource.,Sci-Fi,Kannada,135,2021-02-01
M0279,Either.,Horror,Tamil,167,2025-03-05
M0280,Serious.,Action,Kannada,133,2024-07-03
M0281,Woman.,Horror,Hindi,178,2025-05-04
M0282,Admit father.,Romance,Malayalam,141,2023-05-21
M0283,Reality never.,Drama,English,131,2021-12-16
M0284,Ability past.,Comedy,Kannada,121,2021-10-01
M0285,Human.,Comedy,English,180,2020-09-04
M0286,Hard possible.,Sci-Fi,Malayalam,118,2023-09-15
M0287,Speech medical.,Action,Malayalam,91,2025-05-24
M0288,Sea.,Romance,Kannada,137,2021-04-02
M0289,Long.,Drama,Telugu,148,2024-01-22
M0290,Operation source.,Comedy,Kannada,130,2023-09-12
M0291,Gun character.,Comedy,Kannada,129,2022-04-20
M0292,Score never.,Drama,Tamil,136,2025-02-07
M0293,Institution.,Horror,Malayalam,180,2023-03-01
M0294,Dream against.,Drama,English,139,2021-07-05
M0295,High.,Drama,Tamil,123,2024-08-29
M0296,Goal.,Romance,Hindi,126,2021-11-10
M0297,Everybody image.,Action,Telugu,125,2020-11-01
M0298,Base here.,Sci-Fi,Hindi,141,2021-04-14
M0299,Research understand.,Sci-Fi,Telugu,179,2022-04-10
M0300,Social partner.,Action,English,101,2024-06-28
M0301,They.,Action,Telugu,103,2025-01-25
M0302,Floor.,Sci-Fi,Kannada,180,2024-10-09
M0303,Attention.,Action,Malayalam,170,2025-01-28
M0304,Partner during.,Sci-Fi,Malayalam,96,2021-05-29
M0305,System best.,Romance,Hindi,108,2021-07-19
M0306,Person.,Horror,English,94,2021-09-05
M0307,Glass.,Comedy,Telugu,103,2024-12-22
M0308,List.,Sci-Fi,Tamil,144,2023-06-15
M0309,Decade beyond.,Romance,Telugu,124,2023-04-05
M0310,Common weight.,Romance,Malayalam,147,2022-10-16
M0311,Early relate.,Horror,English,154,2022-03-25
M0312,Indeed interview.,Action,Kannada,177,2024-12-14
M0313,Where.,Comedy,English,150,2023-01-05
M0314,Cause.,Drama,Tamil,132,2024-04-04
M0315,Force.,Action,Telugu,121,2023-03-04
M0316,Interest.,Action,English,119,2023-01-25
M0317,Play fact.,Drama,Telugu,96,2024-03-26
M0318,Instead must.,Action,Tamil,108,2022-10-17
M0319,Hand.,Horror,Hindi,155,2021-02-20
M0320,Account easy.,Drama,Malayalam,164,2021-02-21
M0321,Make threat.,Comedy,Hindi,111,2022-12-05
M0322,Expert.,Comedy,Malayalam,141,2022-04-02
M0323,Laugh history.,Comedy,Hindi,142,2024-01-03
M0324,Name source.,Comedy,Kannada,120,2023-04-18
M0325,Wear condition.,Horror,Malayalam,130,2021-02-27
M0326,Heavy.,Drama,Kannada,180,2021-08-15
M0327,Poor require.,Action,English,102,2022-12-24
M0328,West defense.,Drama,Kannada,146,2020-11-12
M0329,Top between.,Romance,Tamil,98,2023-03-10
M0330,Scientist lawyer.,Comedy,Kannada,133,2025-05-24
M0331,Discuss.,Romance,Kannada,179,2022-01-21
M0332,He what.,Sci-Fi,Malayalam,135,2020-11-05
M0333,Development surface.,Comedy,English,91,2022-04-18
M0334,Say bar.,Romance,Kannada,130,2024-02-04
M0335,Think.,Romance,English,129,2023-06-05
M0336,Above house.,Horror,Tamil,92,2021-03-02
M0337,Value.,Sci-Fi,Hindi,167,2024-06-17
M0338,Begin alone.,Action,Hindi,173,2021-06-18
M0339,Range explain.,Comedy,Hindi,131,2020-07-01
M0340,Industry to.,Romance,Tamil,115,2022-11-16
M0341,Grow foot.,Sci-Fi,English,148,2022-11-29
M0342,Ball.,Sci-Fi,Malayalam,149,2023-02-18
M0343,Though meeting.,Comedy,Malayalam,99,2021-07-01
M0344,Accept.,Romance,Hindi,135,2023-08-09
M0345,Picture charge.,Romance,Telugu,178,2021-01-07
M0346,Bit.,Sci-Fi,Tamil,94,2023-07-24
M0347,Remain.,Action,Telugu,152,2022-10-23
M0348,Good know.,Action,Tamil,147,2020-08-28
M0349,Other high.,Drama,Kannada,160,2025-02-08
M0350,Game right.,Drama,Hindi,90,2025-01-13
M0351,Young just.,Comedy,Kannada,104,2021-10-16
M0352,Opportunity one.,Sci-Fi,Hindi,123,2025-03-05
M0353,Before should.,Drama,Hindi,179,2023-02-23
M0354,Yourself.,Action,Malayalam,154,2023-10-02
M0355,Wish.,Sci-Fi,Telugu,95,2024-06-28
M0356,Quite only.,Horror,Kannada,96,2022-12-08
M0357,Television study.,Romance,English,129,2021-02-20
M0358,Paper.,Horror,Kannada,165,2025-02-19
M0359,Money best.,Action,Telugu,171,2022-07-20
M0360,Surface keep.,Sci-Fi,Hindi,135,2024-05-25
M0361,Anything maintain.,Horror,Telugu,136,2021-10-05
M0362,Least degree.,Sci-Fi,Tamil,164,2021-12-29
M0363,Rise.,Horror,English,100,2021-02-26
M0364,Go thank.,Horror,Hindi,126,2021-05-16
M0365,Decide.,Romance,Telugu,151,2024-07-19
M0366,Board area.,Sci-Fi,Telugu,172,2022-04-04
M0367,Reality stand.,Comedy,Hindi,169,2025-05-14
M0368,Mission.,Sci-Fi,Malayalam,159,2022-03-01
M0369,Why manage.,Comedy,Kannada,107,2023-10-06
M0370,Heart.,Sci-Fi,Kannada,107,2022-09-25
M0371,Plant.,Horror,Kannada,91,2023-07-13
M0372,Note.,Action,English,146,2023-12-22
M0373,Eat.,Action,English,179,2022-11-22
M0374,Ability.,Horror,Malayalam,159,2021-10-17
M0375,Thousand lead.,Sci-Fi,Malayalam,176,2022-03-24
M0376,Outside.,Action,Malayalam,114,2025-06-01
M0377,Party executive.,Romance,Hindi,108,2024-12-06
M0378,Produce hard.,Romance,Telugu,140,2023-09-03
M0379,Never.,Horror,English,118,2021-10-16
M0380,Item maybe.,Horror,Malayalam,134,2025-04-30
M0381,Despite gun.,Sci-Fi,Kannada,96,2022-04-14
M0382,Rather game.,Horror,Kannada,169,2025-02-19
M0383,Happen modern.,Sci-Fi,English,100,2020-07-29
M0384,Clearly.,Sci-Fi,Telugu,119,2023-12-03
M0385,Time.,Comedy,English,103,2021-12-15
M0386,Including.,Action,English,139,2024-12-30
M0387,Air who.,Comedy,English,109,2025-02-10
M0388,Environmental use.,Action,Hindi,136,2024-10-01
M0389,Report trip.,Sci-Fi,Tamil,153,2025-05-24
M0390,Up stage.,Action,Kannada,114,2021-02-01
M0391,Skin.,Action,English,152,2022-01-02
M0392,Sea.,Sci-Fi,Hindi,162,2023-09-18
M0393,Their.,Action,Malayalam,169,2021-09-18
M0394,West town.,Comedy,Telugu,147,2023-03-03
M0395,Civil.,Action,Hindi,92,2023-09-10
M0396,Shake blood.,Romance,Malayalam,165,2022-01-04
M0397,Game.,Sci-Fi,Telugu,176,2022-01-16
M0398,Should according.,Romance,Telugu,121,2021-08-20
M0399,Factor.,Action,Tamil,93,2021-11-19
M0400,Cultural parent.,Comedy,Malayalam,168,2025-01-28
M0401,Challenge.,Romance,Telugu,112,2024-09-30
M0402,View.,Romance,Hindi,133,2020-10-02
M0403,Approach role.,Action,Telugu,113,2023-12-08
M0404,Police work.,Action,Kannada,178,2023-01-26
M0405,Bring reveal.,Romance,Tamil,138,2023-01-29
M0406,Trial fill.,Action,Telugu,95,2023-01-19
M0407,Size almost.,Romance,Tamil,112,2023-12-20
M0408,Test.,Action,Telugu,144,2021-02-14
M0409,Memory.,Horror,Malayalam,105,2021-10-13
M0410,Attorney.,Action,Tamil,125,2023-06-05
M0411,Avoid.,Drama,Hindi,126,2022-04-11
M0412,Provide.,Action,English,157,2024-08-16
M0413,Environmental.,Drama,English,92,2020-08-14
M0414,Late.,Sci-Fi,Telugu,126,2020-12-09
M0415,Thus son.,Sci-Fi,Malayalam,111,2023-09-30
M0416,Key staff.,Horror,Malayalam,101,2021-05-17
M0417,Official lead.,Comedy,Malayalam,122,2024-04-18
M0418,Fish place.,Comedy,English,160,2024-12-27
M0419,Brother man.,Drama,Hindi,155,2025-05-05
M0420,Organization.,Romance,Tamil,105,2020-11-15
M0421,Avoid.,Romance,Kannada,100,2024-03-06
M0422,Budget just.,Sci-Fi,Malayalam,164,2024-10-13
M0423,Do.,Drama,Tamil,117,2022-11-03
M0424,Effect resource.,Comedy,Kannada,171,2020-10-13
M0425,Many.,Action,Telugu,129,2022-12-18
M0426,Since.,Sci-Fi,Tamil,172,2025-04-28
M0427,Final.,Drama,English,115,2021-02-01
M0428,Send concern.,Romance,Tamil,103,2023-02-10
M0429,Skin project.,Action,English,177,2023-09-30
M0430,Happy.,Action,Tamil,175,2021-05-23
M0431,Chance many.,Romance,Kannada,132,2021-04-06
M0432,Guy country.,Romance,Kannada,96,2024-02-08
M0433,Dream region.,Romance,Kannada,144,2024-06-23
M0434,While at.,Romance,English,160,2025-05-25
M0435,Leg.,Romance,Telugu,180,2021-01-18
M0436,Conference.,Comedy,Kannada,130,2025-03-07
M0437,Billion.,Horror,Hindi,150,2021-09-05
M0438,Fine.,Horror,Tamil,145,2024-08-27
M0439,Player or.,Comedy,Tamil,164,2024-10-21
M0440,Pressure be.,Drama,Kannada,139,2021-06-17
M0441,Soldier evening.,Romance,Malayalam,153,2023-09-29
M0442,Whether.,Romance,English,143,2024-09-17
M0443,Throughout.,Action,Tamil,98,2024-12-04
M0444,Fast.,Comedy,Telugu,178,2020-08-03
M0445,Film.,Horror,Malayalam,128,2025-06-09
M0446,Source usually.,Drama,Tamil,151,2021-07-03
M0447,Exist wish.,Drama,Telugu,92,2020-09-01
M0448,Wear western.,Romance,Telugu,95,2021-12-20
M0449,Where.,Drama,Hindi,151,2022-12-11
M0450,Establish anything.,Romance,Malayalam,93,2022-03-09
M0451,Almost.,Drama,Telugu,176,2025-02-13
M0452,Better.,Horror,Kannada,103,2022-06-15
M0453,Adult.,Drama,Kannada,162,2023-05-07
M0454,Poor test.,Drama,Tamil,175,2022-03-13
M0455,Recent five.,Drama,Hindi,117,2024-03-18
M0456,General.,Sci-Fi,Tamil,141,2022-02-03
M0457,Ten.,Comedy,Kannada,124,2022-10-23
M0458,Movie.,Drama,Kannada,158,2024-12-05
M0459,Occur.,Action,Kannada,116,2025-06-19
M0460,Agent possible.,Romance,English,137,2020-11-05
M0461,Management.,Sci-Fi,English,112,2021-04-25
M0462,Hot north.,Action,Tamil,167,2021-03-22
M0463,Business answer.,Romance,Telugu,111,2021-07-16
M0464,Major.,Horror,Telugu,170,2023-09-05
M0465,Wind sea.,Comedy,English,102,2025-05-10
M0466,Area.,Comedy,Hindi,113,2022-04-19
M0467,Choice agency.,Drama,Malayalam,113,2025-03-13
M0468,Treatment service.,Sci-Fi,English,119,2025-04-24
M0469,Central cover.,Sci-Fi,Malayalam,132,2022-01-10
M0470,Force onto.,Drama,English,149,2024-05-25
M0471,Design research.,Sci-Fi,Hindi,149,2021-09-10
M0472,Drug.,Horror,English,157,2024-09-12
M0473,Service report.,Horror,Hindi,135,2021-01-11
M0474,Around.,Comedy,Malayalam,145,2022-06-03
M0475,Step.,Drama,Kannada,112,2022-01-09
M0476,Newspaper answer.,Comedy,Kannada,121,2024-05-08
M0477,Phone.,Sci-Fi,Hindi,156,2024-11-14
M0478,Pull reality.,Comedy,Tamil,116,2021-11-12
M0479,Ever.,Horror,English,112,2022-07-26
M0480,Thank.,Action,Telugu,124,2023-08-19
M0481,Resource mind.,Comedy,Malayalam,133,2021-02-10
M0482,However.,Sci-Fi,Hindi,170,2023-02-19
M0483,Discuss mission.,Comedy,Tamil,117,2023-08-28
M0484,Alone morning.,Romance,Hindi,99,2023-09-24
M0485,Computer budget.,Drama,Malayalam,136,2022-02-24
M0486,Own smile.,Sci-Fi,Hindi,97,2023-11-07
M0487,Able.,Romance,Kannada,159,2022-12-10
M0488,Professor size.,Drama,Malayalam,117,2023-09-24
M0489,Each.,Sci-Fi,English,161,2022-01-14
M0490,Present.,Horror,Tamil,164,2020-11-25
M0491,To realize.,Sci-Fi,English,170,2023-09-25
M0492,Cut after.,Action,Telugu,151,2022-04-15
M0493,Develop.,Drama,Hindi,160,2021-05-06
M0494,Toward.,Horror,Telugu,99,2021-01-26
M0495,Sense.,Horror,Kannada,177,2022-07-29
M0496,Office blood.,Romance,Hindi,149,2021-11-07
M0497,Sense.,Comedy,Malayalam,128,2023-08-21
M0498,Push.,Horror,Kannada,130,2021-10-07
M0499,Treatment.,Horror,Telugu,104,2022-03-25
M0500,Camera.,Sci-Fi,Hindi,172,2022-06-13
